date,year,season,bc_cut,site,position,rep,code,DM_totalBC,Lp_g,Ac_g,Dg_g,Ao_g,Bh_g,Ryt_g,Vb_g,Cm_g,Hl_g,Cc_g,Ca_g,La_g,Sa_g,Tr_g,Tp_g,Ts_g,Td_g,Tg_g,Pl_g,catsear_g,hawksbeard_g,carex_g,juncus_g,unknown_g,dead_g,Lp_per,Ac_per,Dg_per,Ao_per,Bh_per,Ryt_per,Vb_per,Cm_per,Hl_per,Cc_per,Ca_per,La_per,Sa_per,Tr_per,Tp_per,Ts_per,Td_per,Tg_per,Pl_per,catsear_per,hawksbeard_per,carex_per,juncus_per,unknown_per,dead_per
11/12/2019,1,spring,0,wa,tree,1,S1T1P1,3.7091,0.303,0.57,2.0553,,0.2401,,,,,0.0560,,,,,,,,,,,,,,0.0624,0.4223,0.081690976,0.153676094,0.554123642,0,0.064732684,0,0,0,0,0.015098002,0,0,0,0,0,0,0,0,0,0,0,0,0,0.016823488,0.113855113
11/12/2019,1,spring,0,wa,tree,2,S1T2P1,2.0483,0.2852,,1.4101,,,,,,,,,,,,,,,,,,,,,,0.353,0.139237416,0,0.688424547,0,0,0,0,0,0,0,0,0,0,0,0,0,0,0,0,0,0,0,0,0,0.172338036
11/12/2019,1,spring,0,wa,tree,3,S1T3P1,2.6279,1.014,0.2535,,,,,,0.8135,,,,,,,,,,,,,,,,,0.5469,0.385859431,0.096464858,0,0,0,0,0,0.309562769,0,0,0,0,0,0,0,0,0,0,0,0,0,0,0,0,0.208112942
11/12/2019,1,spring,0,wa,tree,4,S1T4P1,3.0334,2.1368,,0.0783,,0.0823,,,0.4502,,,,,,,,,,,,,,,,0.0513,0.2345,0.704424079,0,0.02581262,0,0.027131272,0,0,0.148414321,0,0,0,0,0,0,0,0,0,0,0,0,0,0,0,0.016911716,0.077305993
11/12/2019,1,spring,0,wa,open,1,S1T1P2,3.1225,0.6537,1.1692,,,0.4025,0.105,,,0.195,,,,,,,,,,0.152,,,,,,0.4451,0.209351481,0.374443555,0,0,0.128903122,0.033626902,0,0,0.06244996,0,0,0,0,0,0,0,0,0,0.048678943,0,0,0,0,0,0.142546037
11/12/2019,1,spring,0,wa,open,2,S1T2P2,3.1197,0.0738,0.2598,,0.1786,,0.4585,0.8878,,,,,,,,,,,,,,,,,0.089,1.1722,0.023656121,0.083277238,0,0.057249094,0,0.14696926,0.284578645,0,0,0,0,0,0,0,0,0,0,0,0,0,0,0,0,0.028528384,0.375741257
11/12/2019,1,spring,0,wa,open,3,S1T3P2,3.1712,0.487,0.508,,,0.106,0.4295,0.9205,,,,,,,,,,,,,,,,,0.2689,0.4513,0.153569627,0.160191726,0,0,0.033425832,0.135437689,0.290268668,0,0,0,0,0,0,0,0,0,0,0,0,0,0,0,0,0.0847944,0.142312059
11/12/2019,1,spring,0,wa,open,4,S1T4P2,3.3796,0.067,,,,0.7945,1.5774,0.2423,,,,,,,,,,,,,,,,,0.3194,0.379,0.019824831,0,0,0,0.235086993,0.466741626,0.071694875,0,0,0,0,0,0,0,0,0,0,0,0,0,0,0,0,0.094508226,0.112143449
16/12/2019,1,spring,0,hb,tree,1,S2T1P1,3.1687,2.1555,0.4931,0.325,,0.0585,,,,,,,,,,,,,,,,,,,,0.1366,0.68024742,0.155615868,0.102565721,0,0.01846183,0,0,0,0,0,0,0,0,0,0,0,0,0,0,0,0,0,0,0,0.043109161
16/12/2019,1,spring,0,hb,tree,2,S2T2P1,4.2587,2.423,0.8341,0.4755,,0.1295,,,,0.1,,,,,,,,,,,,,,,0.0166,0.28,0.568952967,0.195857891,0.111653791,0,0.030408341,0,0,0,0.023481344,0,0,0,0,0,0,0,0,0,0,0,0,0,0,0.003897903,0.065747763
16/12/2019,1,spring,0,hb,tree,3,S2T3P1,4.1656,1.0885,0.1955,0.4075,,0.9046,,,1.327,,,,,,,,,,,,,,,,,0.2425,0.261306895,0.046932015,0.097825043,0,0.217159593,0,0,0.318561552,0,0,0,0,0,0,0,0,0,0,0,0,0,0,0,0,0.058214903
16/12/2019,1,spring,0,hb,tree,4,S2T4P1,3.3779,1.4845,0.3805,0.3515,,0.4595,,,0.4553,,,,,,,,,,,,,,,,,0.2466,0.43947423,0.11264395,0.104058735,0,0.136031262,0,0,0.134787886,0,0,0,0,0,0,0,0,0,0,0,0,0,0,0,0,0.073003937
16/12/2019,1,spring,0,hb,tree,5,S2T5P1,3.4875,0.831,0.4315,1.7788,,0.2011,,,,,,,,,,,,,,,,,,,0.1222,0.1229,0.23827957,0.123727599,0.510050179,0,0.057663082,0,0,0,0,0,0,0,0,0,0,0,0,0,0,0,0,0,0,0.035039427,0.035240143
16/12/2019,1,spring,0,hb,open,1,S2T1P2,1.0448,0.2516,0.1427,,,,0.3109,0.1243,,,,,,,,,,,,,,,,,,0.2153,0.240811639,0.136581164,0,0,0,0.297568913,0.118970138,0,0,0,0,0,0,0,0,0,0,0,0,0,0,0,0,0,0.206068147
16/12/2019,1,spring,0,hb,open,2,S2T2P2,3.1994,0.3557,0.4955,0.2455,0.527,,,,,0.3714,0.1008,,,,0.04,,,,,,,,0.4601,,0.2136,0.3898,0.111177096,0.154872789,0.076733137,0.164718385,0,0,0,0,0.116084266,0.031505907,0,0,0,0.012502344,0,0,0,0,0,0,0,0.143808214,0,0.066762518,0.121835344
16/12/2019,1,spring,0,hb,open,3,S2T3P2,2.1168,0.0329,1.1852,,,,0.1923,0.4154,,,,,,,,,,,,,,,,,,0.291,0.015542328,0.559901738,0,0,0,0.090844671,0.196239607,0,0,0,0,0,0,0,0,0,0,0,0,0,0,0,0,0,0.137471655
16/12/2019,1,spring,0,hb,open,4,S2T4P2,3.1553,0.4504,1.8536,,0.1802,,,0.0997,,,,,,,,,,,,,,,0.082,,,0.4894,0.142743955,0.587456026,0,0.057110259,0,0,0.031597629,0,0,0,0,0,0,0,0,0,0,0,0,0,0,0.02598802,0,0,0.155104111
16/12/2019,1,spring,0,hb,open,5,S2T5P2,2.5769,,0.6121,0.0358,0.4563,,0.4323,0.152,,,,,,,,,,,,,,,0.3126,,,0.5758,0,0.23753347,0.013892662,0.177073228,0,0.167759711,0.058985603,0,0,0,0,0,0,0,0,0,0,0,0,0,0,0.121308549,0,0,0.223446777
12/02/2020,1,summer,1,wa,tree,1,S1T1P1,0.3498,0.0605,,0.1795,,,,,,,,,,,,,,,,,,,,,,0.1098,0.172955975,0,0.513150372,0,0,0,0,0,0,0,0,0,0,0,0,0,0,0,0,0,0,0,0,0,0.313893654
12/02/2020,1,summer,1,wa,tree,2,S1T2P1,0.306,0.0343,,0.2517,,,,,,,,,,,,,,,,,,,,,,0.02,0.112091503,0,0.82254902,0,0,0,0,0,0,0,0,0,0,0,0,0,0,0,0,0,0,0,0,0,0.065359477
12/02/2020,1,summer,1,wa,tree,3,S1T3P1,0.3242,0.0918,0.0304,0.0454,,,,,0.037,,,,,,,,,,,,,,,,,0.1196,0.283158544,0.093769278,0.140037014,0,0,0,0,0.114127082,0,0,0,0,0,0,0,0,0,0,0,0,0,0,0,0,0.368908081
12/02/2020,1,summer,1,wa,tree,4,S1T4P1,0.5988,0.4776,0.0375,,,,,,,,,,,,,,,,,,,,,,,0.0837,0.79759519,0.062625251,0,0,0,0,0,0,0,0,0,0,0,0,0,0,0,0,0,0,0,0,0,0,0.139779559
12/02/2020,1,summer,1,wa,open,1,S1T1P2,0.3946,,0.047,,,,0.0126,,,,,,,,,,,,,,,,,,,0.335,0,0.119107957,0,0,0,0.031931069,0,0,0,0,0,0,0,0,0,0,0,0,0,0,0,0,0,0,0.848960973
12/02/2020,1,summer,1,wa,open,2,S1T2P2,0.1828,,0.0393,,,,0.041,,,,,,,,,,,,,,,,,,,0.1025,0,0.214989059,0,0,0,0.22428884,0,0,0,0,0,0,0,0,0,0,0,0,0,0,0,0,0,0,0.560722101
12/02/2020,1,summer,1,wa,open,3,S1T3P2,0.5728,,0.0149,,,,,,,,,,,,,,,,,,,,,,,0.5579,0,0.02601257,0,0,0,0,0,0,0,0,0,0,0,0,0,0,0,0,0,0,0,0,0,0,0.97398743
12/02/2020,1,summer,1,wa,open,4,S1T4P2,0.7559,,0.0102,,0.0968,,0.0996,,,,,,,,,,,,,,,,,,,0.5493,0,0.013493848,0,0.128059267,0,0.131763461,0,0,0,0,0,0,0,0,0,0,0,0,0,0,0,0,0,0,0.726683424
13/02/2020,1,summer,1,hb,tree,1,S2T1P1,0.3753,0.2072,,0.1127,,,,,,,,,,,,,,,,,,,,,,0.0554,0.55209166,0,0.300293099,0,0,0,0,0,0,0,0,0,0,0,0,0,0,0,0,0,0,0,0,0,0.147615241
13/02/2020,1,summer,1,hb,tree,2,S2T2P1,0.6929,0.4232,,0.0921,,,,,,,,,,,,,,,,,,,,,,0.1776,0.610766344,0,0.132919613,0,0,0,0,0,0,0,0,0,0,0,0,0,0,0,0,0,0,0,0,0,0.256314042
13/02/2020,1,summer,1,hb,tree,3,S2T3P1,0.2497,0.1176,,0.0261,,,,,,,,,,,,,,,,,,,,,,0.106,0.470965158,0,0.104525431,0,0,0,0,0,0,0,0,0,0,0,0,0,0,0,0,0,0,0,0,0,0.424509411
13/02/2020,1,summer,1,hb,tree,4,S2T4P1,0.573,0.0674,,0.1453,,,,,,,,,,,,,,,,,,,,,,0.3603,0.117626527,0,0.253577661,0,0,0,0,0,0,0,0,0,0,0,0,0,0,0,0,0,0,0,0,0,0.628795812
13/02/2020,1,summer,1,hb,tree,5,S2T5P1,0.2104,0.051,,0.0817,,,,,,,,,,,,,,,,,,,,,,0.0777,0.242395437,0,0.388307985,0,0,0,0,0,0,0,0,0,0,0,0,0,0,0,0,0,0,0,0,0,0.369296578
13/02/2020,1,summer,1,hb,open,1,S2T1P2,1.5695,0.0511,0.4874,0.3914,0.0298,,,,,,,,,,,,,,,,,,,,,0.6098,0.03255814,0.310544759,0.249378783,0.018986939,0,0,0,0,0,0,0,0,0,0,0,0,0,0,0,0,0,0,0,0,0.388531379
13/02/2020,1,summer,1,hb,open,2,S2T2P2,0.4088,,0.0492,,0.0055,,,,,,,,,,,,,,,,,,,,,0.3541,0,0.12035225,0,0.013454012,0,0,0,0,0,0,0,0,0,0,0,0,0,0,0,0,0,0,0,0,0.866193738
13/02/2020,1,summer,1,hb,open,3,S2T3P2,0.2211,,0.0732,,,,0.0262,,,,,,,,,,,,,,,,,,,0.1217,0,0.331071913,0,0,0,0.118498417,0,0,0,0,0,0,0,0,0,0,0,0,0,0,0,0,0,0,0.55042967
13/02/2020,1,summer,1,hb,open,4,S2T4P2,0.367,0.0172,0.0967,,,,,,,,,,,,,,,,,,,,,,,0.2531,0.046866485,0.263487738,0,0,0,0,0,0,0,0,0,0,0,0,0,0,0,0,0,0,0,0,0,0,0.689645777
13/02/2020,1,summer,1,hb,open,5,S2T5P2,0.4267,,0.1241,0.0577,0.0228,,,,,,,,,,,,,,,,0.0307,,,,,0.1914,0,0.290836653,0.135223811,0.053433326,0,0,0,0,0,0,0,0,0,0,0,0,0,0,0,0.071947504,0,0,0,0,0.448558706
20/05/2020,1,autumn ,2,wa,tree,1,S1T1P1,0.5058,0.055,0.0235,0.3903,,,,,,,,,,,,,,,,,,,,,,0.037,0.108738632,0.046461052,0.771648873,0,0,0,0,0,0,0,0,0,0,0,0,0,0,0,0,0,0,0,0,0,0.073151443
20/05/2020,1,autumn ,2,wa,tree,2,S1T2P1,0.5957,0.085,0.0348,0.4552,,,,,,,,,,,,,,,,,,,,,,0.0207,0.142689273,0.058418667,0.764143025,0,0,0,0,0,0,0,0,0,0,0,0,0,0,0,0,0,0,0,0,0,0.034749035
20/05/2020,1,autumn ,2,wa,tree,3,S1T3P1,0.6384,0.1083,0.0437,0.3035,,0.0521,,,,,,,,,,,,,,,,,,,0.0614,0.0694,0.169642857,0.068452381,0.475407268,0,0.081610276,0,0,0,0,0,0,0,0,0,0,0,0,0,0,0,0,0,0,0.096177945,0.108709273
20/05/2020,1,autumn ,2,wa,tree,4,S1T4P1,0.5599,0.4527,0.0076,0.043,,0.0102,,,,,,,,,,,,,,,,,,,,0.0464,0.808537239,0.013573852,0.076799428,0,0.018217539,0,0,0,0,0,0,0,0,0,0,0,0,0,0,0,0,0,0,0,0.082871941
20/05/2020,1,autumn ,2,wa,open,1,S1T1P2,0.4875,0.0861,0.3279,,,,,,,,,,,,,,,,,0.0285,,,,,,0.045,0.176615385,0.672615385,0,0,0,0,0,0,0,0,0,0,0,0,0,0,0,0,0.058461538,0,0,0,0,0,0.092307692
20/05/2020,1,autumn ,2,wa,open,2,S1T2P2,0.3301,0.0275,0.0275,,,0.2527,,,,,,,,,,,,,,,,,,,0.0113,0.0111,0.083308088,0.083308088,0,0,0.765525598,0,0,0,0,0,0,0,0,0,0,0,0,0,0,0,0,0,0,0.034232051,0.033626174
20/05/2020,1,autumn ,2,wa,open,3,S1T3P2,0.4983,,0.1902,,,0.1613,,,,,,,,,,,,,,0.0305,,,,,,0.1163,0,0.381697772,0,0,0.323700582,0,0,0,0,0,0,0,0,0,0,0,0,0,0.061208108,0,0,0,0,0,0.233393538
20/05/2020,1,autumn ,2,wa,open,4,S1T4P2,0.3887,0.035,0.22,,,0.083,,,,,,,,,,,,,,0.0106,,,,,0.0188,0.0213,0.090043736,0.565989195,0,0,0.213532287,0,0,0,0,0,0,0,0,0,0,0,0,0,0.027270388,0,0,0,0,0.048366349,0.054798045
19/05/2020,1,autumn ,2,hb,tree,1,S2T1P1,1.7118,1.5527,,0.0671,,,,,,,,,,,0.0226,,,,,0.009,,,,,,0.0604,0.907056899,0,0.039198504,0,0,0,0,0,0,0,0,0,0,0.013202477,0,0,0,0,0.005257624,0,0,0,0,0,0.035284496
19/05/2020,1,autumn ,2,hb,tree,2,S2T2P1,0.7179,0.5876,,0.0902,,,,,,,,,,,,,,,,0.0101,,,,,,0.03,0.818498398,0,0.12564424,0,0,0,0,0,0,0,0,0,0,0,0,0,0,0,0.014068812,0,0,0,0,0,0.04178855
19/05/2020,1,autumn ,2,hb,tree,3,S2T3P1,0.6356,0.1155,0.0959,,,0.241,,,,,,0.0728,,,0.0086,0.0029,,,,,,,,,0.0989,0,0.181718062,0.150881057,0,0,0.379169289,0,0,0,0,0,0.114537445,0,0,0.013530522,0.004562618,0,0,0,0,0,0,0,0,0.155601007,0
19/05/2020,1,autumn ,2,hb,tree,4,S2T4P1,0.8796,0.7543,,0.0081,,0.0275,,,,,,,0.04,,,,,,,,,,,,,0.0497,0.857548886,0,0.009208731,0,0.031264211,0,0,0,0,0,0,0.045475216,0,0,0,0,0,0,0,0,0,0,0,0,0.056502956
19/05/2020,1,autumn ,2,hb,tree,5,S2T5P1,0.5001,0.0652,,0.1904,0.006,,,,,,,,,,,,,,,,,,,,,0.2385,0.130373925,0,0.380723855,0.0119976,0,0,0,0,0,0,0,0,0,0,0,0,0,0,0,0,0,0,0,0,0.476904619
19/05/2020,1,autumn ,2,hb,open,1,S2T1P2,0.7771,0.1197,0.3505,0.263,0.0125,,,,,,,,,,,,,,,0.0082,,,,,,0.0232,0.15403423,0.451035903,0.338437781,0.016085446,0,0,0,0,0,0,0,0,0,0,0,0,0,0,0.010552053,0,0,0,0,0,0.029854588
19/05/2020,1,autumn ,2,hb,open,2,S2T2P2,0.3938,,0.0118,,,,,,,,,,,,,,,,,,,,,,,0.382,0,0.029964449,0,0,0,0,0,0,0,0,0,0,0,0,0,0,0,0,0,0,0,0,0,0,0.970035551
19/05/2020,1,autumn ,2,hb,open,3,S2T3P2,0.3292,0.0122,0.1907,0.0077,,,,,,,,,,,,0.0036,,,,,,,,,,0.115,0.037059538,0.579283111,0.023390036,0,0,0,0,0,0,0,0,0,0,0,0.010935601,0,0,0,0,0,0,0,0,0,0.349331713
19/05/2020,1,autumn ,2,hb,open,4,S2T4P2,0.4884,0.0693,0.1946,,0.02,,,,,,,,,,,,,,,,,,,,,0.2045,0.141891892,0.398443898,0,0.040950041,0,0,0,0,0,0,0,0,0,0,0,0,0,0,0,0,0,0,0,0,0.418714169
19/05/2020,1,autumn ,2,hb,open,5,S2T5P2,0.3442,0.0256,0.2341,,0.005,,,,,,,,,,,,,,,0.01,,,,,,0.0695,0.074375363,0.680127833,0,0.014526438,0,0,0,0,0,0,0,0,0,0,0,0,0,0,0.029052876,0,0,0,0,0,0.20191749
12/08/2020,1,winter,3,wa,tree,1,S1T1P1,0.2975,0.1212,0.0152,0.1013,,0.0094,,,,,,,,,,,,,,,,,,,,0.0504,0.407394958,0.051092437,0.340504202,0,0.031596639,0,0,0,0,0,0,0,0,0,0,0,0,0,0,0,0,0,0,0,0.169411765
12/08/2020,1,winter,3,wa,tree,2,S1T2P1,0.2037,0.0756,0.0205,0.0647,,0.0091,,,,,,,,,,,,,,,,,,,,0.0338,0.371134021,0.100638193,0.317623957,0,0.04467354,0,0,0,0,0,0,0,0,0,0,0,0,0,0,0,0,0,0,0,0.16593029
12/08/2020,1,winter,3,wa,tree,3,S1T3P1,0.2785,0.0154,,0.1018,,0.1548,,,,,,,,,,,,,,,,,,,,0.0065,0.05529623,0,0.365529623,0,0.555834829,0,0,0,0,0,0,0,0,0,0,0,0,0,0,0,0,0,0,0,0.023339318
12/08/2020,1,winter,3,wa,tree,4,S1T4P1,0.2635,0.1833,,,,0.0664,,,,,,,,,,,,,,,,,,,0.0138,,0.695635674,0,0,0,0.25199241,0,0,0,0,0,0,0,0,0,0,0,0,0,0,0,0,0,0,0.052371917,0
12/08/2020,1,winter,3,wa,open,1,S1T1P2,0.1902,0.0101,0.0665,,0.0242,,,,,,,,,,,,,,,,,,,,0.0113,0.0781,0.053101998,0.349631966,0,0.12723449,0,0,0,0,0,0,0,0,0,0,0,0,0,0,0,0,0,0,0,0.059411146,0.4106204
12/08/2020,1,winter,3,wa,open,2,S1T2P2,0.1667,0.0118,0.0038,,0.1174,,0.0012,,,,,,,,,,,,,,,,,,0.0017,0.0308,0.070785843,0.022795441,0,0.704259148,0,0.00719856,0,0,0,0,0,0,0,0,0,0,0,0,0,0,0,0,0,0.01019796,0.184763047
12/08/2020,1,winter,3,wa,open,3,S1T3P2,0.1367,0.0253,0.0363,,0.0315,,,,,,,,,,,,,,,,,,,,0.0082,0.0354,0.185076811,0.265544989,0,0.230431602,0,0,0,0,0,0,0,0,0,0,0,0,0,0,0,0,0,0,0,0.059985369,0.258961229
12/08/2020,1,winter,3,wa,open,4,S1T4P2,0.0979,0.0039,0.0058,,0.0419,,,0.0015,,,,,,,,,,,,,,,,,,0.0448,0.039836568,0.059244127,0,0.427987743,0,0,0.015321757,0,0,0,0,0,0,0,0,0,0,0,0,0,0,0,0,0,0.457609806
12/08/2020,1,winter,3,hb,tree,1,S2T1P1,0.2152,0.1534,0.0563,,,0.0055,,,,,,,,,,,,,,,,,,,,,0.712825279,0.2616171,0,0,0.025557621,0,0,0,0,0,0,0,0,0,0,0,0,0,0,0,0,0,0,0,0
12/08/2020,1,winter,3,hb,tree,2,S2T2P1,0.1776,0.1209,0.0067,0.0309,,0.009,,,,,,,,,,,,,,,,,,,,0.0101,0.680743243,0.037725225,0.173986486,0,0.050675676,0,0,0,0,0,0,0,0,0,0,0,0,0,0,0,0,0,0,0,0.056869369
12/08/2020,1,winter,3,hb,tree,3,S2T3P1,0.2516,0.0671,0.0071,0.0137,,0.1369,,,,,,,,,,,,,,,,,,,0.0268,,0.266693164,0.028219396,0.05445151,0,0.544117647,0,0,0,0,0,0,0,0,0,0,0,0,0,0,0,0,0,0,0.106518283,0
12/08/2020,1,winter,3,hb,tree,4,S2T4P1,0.3592,0.0568,,,,0.2182,,,,,,,,,,,,,,,,,,,0.0622,0.022,0.158129176,0,0,0,0.607461024,0,0,0,0,0,0,0,0,0,0,0,0,0,0,0,0,0,0,0.173162584,0.061247216
12/08/2020,1,winter,3,hb,tree,5,S2T5P1,0.2317,0.218,,,,,,,,,,,,,0.0052,,,,,,,,,,0.0085,,0.940871817,0,0,0,0,0,0,0,0,0,0,0,0,0.022442814,0,0,0,0,0,0,0,0,0,0.036685369,0
12/08/2020,1,winter,3,hb,open,1,S2T1P2,0.1354,0.043,0.042,0.0015,0.009,,,,,,,,,,0.0052,0.0032,,,,,,,,,0.0056,0.0259,0.317577548,0.310192024,0.011078287,0.066469719,0,0,0,0,0,0,0,0,0,0.038404727,0.023633678,0,0,0,0,0,0,0,0,0.041358936,0.191285081
12/08/2020,1,winter,3,hb,open,2,S2T2P2,0.1983,0.0235,0.0097,,0.0549,,,,,,,,,,,,,,,,,,,0.0081,,0.1021,0.118507312,0.048915784,0,0.276853253,0,0,0,0,0,0,0,0,0,0,0,0,0,0,0,0,0,0,0.040847201,0,0.51487645
12/08/2020,1,winter,3,hb,open,3,S2T3P2,0.0987,0.027,0.0248,,0.0034,,,,,,,,,,,0.0029,,,,,,,,,,0.0406,0.273556231,0.251266464,0,0.034447822,0,0,0,0,0,0,0,0,0,0,0.029381966,0,0,0,0,0,0,0,0,0,0.411347518
12/08/2020,1,winter,3,hb,open,4,S2T4P2,0.1423,0.0349,0.0605,,0.0075,,,,,,,,,,0.0191,,,,,,,,,,,0.0203,0.2452565,0.425158117,0,0.052705552,0,0,0,0,0,0,0,0,0,0.134223472,0,0,0,0,0,0,0,0,0,0,0.14265636
12/08/2020,1,winter,3,hb,open,5,S2T5P2,0.183,0.0034,0.0132,0.0074,0.0095,,,,,,,,,,,,,,,,,,,0.0168,,0.1327,0.018579235,0.072131148,0.040437158,0.051912568,0,0,0,0,0,0,0,0,0,0,0,0,0,0,0,0,0,0,0.091803279,0,0.725136612
05/12/2020,1,spring,4,wa,tree,1,S1T1P1,0.6601,0.1041,0.2262,0.2505,,0.0399,,,,,,,,,,,,,,,,,,,,0.0394,0.157703378,0.342675352,0.379487956,0,0.060445387,0,0,0,0,0,0,0,0,0,0,0,0,0,0,0,0,0,0,0,0.059687926
05/12/2020,1,spring,4,wa,tree,2,S1T2P1,0.4321,0.1133,0.094,0.0505,,0.026,0.0108,,,,,,,,,,,,,0.0733,,,,,0.0642,,0.262207822,0.217542236,0.116871095,0,0.060171257,0.024994214,0,0,0,0,0,0,0,0,0,0,0,0,0.169636658,0,0,0,0,0.148576718,0
05/12/2020,1,spring,4,wa,tree,3,S1T3P1,0.3899,0.1515,,0.1513,,0.0573,,,0.0116,,,,,,,,,,,0.0095,,,,,0.0049,0.0038,0.38856117,0,0.388048217,0,0.146960759,0,0,0.029751218,0,0,0,0,0,0,0,0,0,0,0.024365222,0,0,0,0,0.012567325,0.009746089
05/12/2020,1,spring,4,wa,tree,4,S1T4P1,0.5741,0.361,,,,0.0433,,,0.024,,,0.0909,,,,,,,,,,,,,0.0494,0.0055,0.628810312,0,0,0,0.0754224,0,0,0.041804564,0,0,0.158334785,0,0,0,0,0,0,0,0,0,0,0,0,0.086047727,0.009580213
05/12/2020,1,spring,4,wa,open,1,S1T1P2,0.4865,0.0158,0.1111,,0.0305,,0.0473,,,,,,,,,,,,,0.2787,,,,,,0.0031,0.032476876,0.228365879,0,0.062692703,0,0.097225077,0,0,0,0,0,0,0,0,0,0,0,0,0.57286742,0,0,0,0,0,0.006372045
05/12/2020,1,spring,4,wa,open,2,S1T2P2,0.5106,0.015,0.0083,,,,0.1305,,,,,,,,0.1872,,0.0231,,,0.1111,,,,,0.0354,,0.029377203,0.016255386,0,0,0,0.255581669,0,0,0,0,0,0,0,0.366627497,0,0.045240893,0,0,0.217587152,0,0,0,0,0.0693302,0
05/12/2020,1,spring,4,wa,open,3,S1T3P2,0.5536,0.04,0.0283,,,,0.0702,,,,,0.0758,,,,,0.0206,0.028,0.1833,0.0677,,,,,0.0397,,0.072254335,0.051119942,0,0,0,0.126806358,0,0,0,0,0.136921965,0,0,0,0,0.037210983,0.050578035,0.331105491,0.122290462,0,0,0,0,0.071712428,0
05/12/2020,1,spring,4,wa,open,4,S1T4P2,0.5452,0.0675,0.0463,,0.0152,0.07,0.1352,,,,,,,,,,,,,0.1697,,,,,0.0413,,0.123807777,0.084922964,0,0.027879677,0.12839325,0.247982392,0,0,0,0,0,0,0,0,0,0,0,0,0.311261922,0,0,0,0,0.075752018,0
06/12/2020,1,spring,4,hb,tree,1,S2T1P1,0.4621,0.1655,0.0095,0.0775,,0.01,,,,,,,,,0.0216,,0.0318,,,,0.0179,0.0933,,,,0.035,0.358147587,0.020558321,0.167712616,0,0.021640338,0,0,0,0,0,0,0,0,0.046743129,0,0.068816274,0,0,0,0.038736204,0.20190435,0,0,0,0.075741182
06/12/2020,1,spring,4,hb,tree,2,S2T2P1,0.3544,0.1493,0.049,0.0712,,,,,,,,,,,,,,,,0.0771,,,,,,0.0078,0.421275395,0.138261851,0.200902935,0,0,0,0,0,0,0,0,0,0,0,0,0,0,0,0.21755079,0,0,0,0,0,0.022009029
06/12/2020,1,spring,4,hb,tree,3,S2T3P1,0.2772,0.0538,,0.0275,,0.0669,,,0.0785,,,,,,0.02,,,,,,,,,,0.0305,,0.194083694,0,0.099206349,0,0.241341991,0,0,0.283189033,0,0,0,0,0,0.072150072,0,0,0,0,0,0,0,0,0,0.11002886,0
06/12/2020,1,spring,4,hb,tree,4,S2T4P1,0.3178,0.169,0.01,0.0489,,,,,0.0847,,,,,,,,,,,,,,,,,0.0052,0.531780994,0.031466331,0.153870359,0,0,0,0,0.266519824,0,0,0,0,0,0,0,0,0,0,0,0,0,0,0,0,0.016362492
06/12/2020,1,spring,4,hb,tree,5,S2T5P1,0.6361,0.2758,,0.1566,,0.051,,,0.1389,,,,,,,,,,,,,,,,,0.0138,0.433579626,0,0.246187706,0,0.080176073,0,0,0.218361893,0,0,0,0,0,0,0,0,0,0,0,0,0,0,0,0,0.021694702
06/12/2020,1,spring,4,hb,open,1,S2T1P2,0.5139,0.165,0.098,0.0761,0.0285,,,,,,0.0744,,,,,,,,,,0.0348,,,,,0.0371,0.321074139,0.190698579,0.148083285,0.05545826,0,0,0,0,0,0.144775248,0,0,0,0,0,0,0,0,0,0.067717455,0,0,0,0,0.072193034
06/12/2020,1,spring,4,hb,open,2,S2T2P2,0.3782,,,,0.1144,,0.2638,,,,,,,,,,,,,,,,,,,,0,0,0,0.302485457,0,0.697514543,0,0,0,0,0,0,0,0,0,0,0,0,0,0,0,0,0,0,0
06/12/2020,1,spring,4,hb,open,3,S2T3P2,0.1563,0.0391,0.0266,,0.0212,,,0.0191,,,,,,,,,,,,,,,,,,0.0503,0.250159949,0.170185541,0,0.135636596,0,0,0.122200896,0,0,0,0,0,0,0,0,0,0,0,0,0,0,0,0,0,0.321817019
06/12/2020,1,spring,4,hb,open,4,S2T4P2,0.273,0.021,0.1166,,,0.061,,0.0116,,,,,,,,,,,,,,0.0362,,,,0.0266,0.076923077,0.427106227,0,0,0.223443223,0,0.042490842,0,0,0,0,0,0,0,0,0,0,0,0,0,0.132600733,0,0,0,0.097435897
06/12/2020,1,spring,4,hb,open,5,S2T5P2,0.1234,,0.0782,,0.0096,0.004,0.015,,,,,,,,,,,,,,,,,,,0.0166,0,0.633711507,0,0.077795786,0.032414911,0.121555916,0,0,0,0,0,0,0,0,0,0,0,0,0,0,0,0,0,0,0.13452188
27/02/2021,2,summer,5,wa,tree,1,S1T1P1,0.2767,0.1061,,0.072,,,,,,,,,,,,,,,,,,,,,,0.0986,0.383447777,0,0.260209613,0,0,0,0,0,0,0,0,0,0,0,0,0,0,0,0,0,0,0,0,0,0.356342609
27/02/2021,2,summer,5,wa,tree,2,S1T2P1,0.4294,0.0505,,0.033,,,,,,,,,,,,,,,,0.0199,,,,,,0.326,0.117605962,0,0.076851421,0,0,0,0,0,0,0,0,0,0,0,0,0,0,0,0.046343735,0,0,0,0,0,0.759198882
27/02/2021,2,summer,5,wa,tree,3,S1T3P1,0.5416,0.2003,0.01,0.064,,,,,,,,,,,,,,,,,,,,,,0.2673,0.369830133,0.018463811,0.11816839,0,0,0,0,0,0,0,0,0,0,0,0,0,0,0,0,0,0,0,0,0,0.493537666
27/02/2021,2,summer,5,wa,tree,4,S1T4P1,0.5494,0.147,,0.0822,,,,,,,,,,,,,,,,,,,,,,0.3202,0.267564616,0,0.149617765,0,0,0,0,0,0,0,0,0,0,0,0,0,0,0,0,0,0,0,0,0,0.582817619
27/02/2021,2,summer,5,wa,open,1,S1T1P2,0.2766,,0.0206,,0.007,,,,,,,,,,,,,,,0.053,,,,,,0.196,0,0.074475777,0,0.025307303,0,0,0,0,0,0,0,0,0,0,0,0,0,0,0.191612437,0,0,0,0,0,0.708604483
27/02/2021,2,summer,5,wa,open,2,S1T2P2,0.8897,,,,,,,,,,,,,,,,,,,,,,,,,0.8897,0,0,0,0,0,0,0,0,0,0,0,0,0,0,0,0,0,0,0,0,0,0,0,0,1
27/02/2021,2,summer,5,wa,open,3,S1T3P2,0.374,,,,0.0045,,,,,,,,,,,,,,,0.022,,,,,,0.3475,0,0,0,0.012032086,0,0,0,0,0,0,0,0,0,0,0,0,0,0,0.058823529,0,0,0,0,0,0.929144385
27/02/2021,2,summer,5,wa,open,4,S1T4P2,0.399,,,,,,,,,,,,,,,,,,,0.0513,,,,,,0.3477,0,0,0,0,0,0,0,0,0,0,0,0,0,0,0,0,0,0,0.128571429,0,0,0,0,0,0.871428571
28/02/2021,2,summer,5,hb,tree,1,S2T1P1,0.3242,0.2283,,,,,,,,,,,,,0.0238,,,,,0.0272,,,,,,0.0449,0.704194941,0,0,0,0,0,0,0,0,0,0,0,0,0.073411474,0,0,0,0,0.083898828,0,0,0,0,0,0.138494756
28/02/2021,2,summer,5,hb,tree,2,S2T2P1,0.3339,0.082,,0.1574,,,,,,,,,,,,,,,,,0.084,,,,,0.0105,0.24558251,0,0.471398622,0,0,0,0,0,0,0,0,0,0,0,0,0,0,0,0,0.251572327,0,0,0,0,0.031446541
28/02/2021,2,summer,5,hb,tree,3,S2T3P1,0.6693,0.3706,,,,,,,,,,,,,,,,,,,,,,,0.0888,0.2099,0.553712834,0,0,0,0,0,0,0,0,0,0,0,0,0,0,0,0,0,0,0,0,0,0,0.13267593,0.313611236
28/02/2021,2,summer,5,hb,tree,4,S2T4P1,0.4458,0.1525,,0.0595,,,,,,,,,,,,,,,,,,,,,,0.2338,0.342081651,0,0.133467923,0,0,0,0,0,0,0,0,0,0,0,0,0,0,0,0,0,0,0,0,0,0.524450426
28/02/2021,2,summer,5,hb,tree,5,S2T5P1,0.4628,0.007,,0.4065,,,,,,,,,,,,,,,,,,,,,,0.0493,0.015125324,0,0.878349179,0,0,0,0,0,0,0,0,0,0,0,0,0,0,0,0,0,0,0,0,0,0.106525497
28/02/2021,2,summer,5,hb,open,1,S2T1P2,0.6223,0.0066,0.0673,0.0162,0.016,,,,,,,,,,,,,,,,0.0431,,,,,0.4731,0.010605817,0.108147196,0.02603246,0.025711072,0,0,0,0,0,0,0,0,0,0,0,0,0,0,0,0.0692592,0,0,0,0,0.760244255
28/02/2021,2,summer,5,hb,open,2,S2T2P2,2.185,,,,,,,,,,,,,,,,,,,,,,,,,2.185,0,0,0,0,0,0,0,0,0,0,0,0,0,0,0,0,0,0,0,0,0,0,0,0,1
28/02/2021,2,summer,5,hb,open,3,S2T3P2,1.0208,,0.0434,0.2305,0.0362,,,,,,,,,,,,,,,,0.1831,,,,,0.5276,0,0.042515674,0.225803292,0.035462382,0,0,0,0,0,0,0,0,0,0,0,0,0,0,0,0.179369122,0,0,0,0,0.51684953
28/02/2021,2,summer,5,hb,open,4,S2T4P2,1.3712,,0.07,,,,,,,,,,,,,,,,,,,,,,,1.3012,0,0.051050175,0,0,0,0,0,0,0,0,0,0,0,0,0,0,0,0,0,0,0,0,0,0,0.948949825
28/02/2021,2,summer,5,hb,open,5,S2T5P2,0.6532,0.005,0.067,,0.026,,,,,,,,,,,,,,,,0.06,,,,,0.4952,0.007654623,0.102571953,0,0.039804042,0,0,0,0,0,0,0,0,0,0,0,0,0,0,0,0.091855481,0,0,0,0,0.758113901
13/05/2021,2,autumn ,6,wa,tree,1,S1T1P1,0.3071,0.0636,0.0061,0.121,,,,,,,,,,,,,,,,,,,,,,0.1164,0.207098665,0.019863237,0.394008466,0,0,0,0,0,0,0,0,0,0,0,0,0,0,0,0,0,0,0,0,0,0.379029632
13/05/2021,2,autumn ,6,wa,tree,2,S1T2P1,0.2731,0.0566,0.0076,0.1171,,,,,,,,,,,,,,,,0.0444,,,,,,0.0474,0.207250092,0.027828634,0.428780666,0,0,0,0,0,0,0,0,0,0,0,0,0,0,0,0.16257781,0,0,0,0,0,0.173562798
13/05/2021,2,autumn ,6,wa,tree,3,S1T3P1,0.2966,0.082,,0.09,,,,,,,,,,,,,,,,0.0174,,,,,,0.1072,0.276466622,0,0.303438975,0,0,0,0,0,0,0,0,0,0,0,0,0,0,0,0.058664869,0,0,0,0,0,0.361429535
13/05/2021,2,autumn ,6,wa,tree,4,S1T4P1,0.1412,0.0725,,0.0204,0.0066,,,,,,,,,,,,,,,,,,,,,0.0417,0.513456091,0,0.144475921,0.04674221,0,0,0,0,0,0,0,0,0,0,0,0,0,0,0,0,0,0,0,0,0.295325779
13/05/2021,2,autumn ,6,wa,open,1,S1T1P2,0.206,0.008,0.0133,,0.015,,,,,,,,,,,,,,,0.0484,,,,,,0.1213,0.038834951,0.064563107,0,0.072815534,0,0,0,0,0,0,0,0,0,0,0,0,0,0,0.234951456,0,0,0,0,0,0.588834951
13/05/2021,2,autumn ,6,wa,open,2,S1T2P2,0.2556,0.0132,0.0066,,0.0297,,,,,,,,,,,,,,,0.0648,,,,,,0.1413,0.051643192,0.025821596,0,0.116197183,0,0,0,0,0,0,0,0,0,0,0,0,0,0,0.253521127,0,0,0,0,0,0.552816901
13/05/2021,2,autumn ,6,wa,open,3,S1T3P2,0.1283,0.0051,0.0095,,0.0435,,,,,,,,,,,,,,,0.0233,,,,,,0.0469,0.039750585,0.074045207,0,0.339049104,0,0,0,0,0,0,0,0,0,0,0,0,0,0,0.181605612,0,0,0,0,0,0.365549493
13/05/2021,2,autumn ,6,wa,open,4,S1T4P2,0.2531,,0.0536,,0.0207,,,,,,,,,,,,,,,0.0514,,,,,,0.1274,0,0.211774002,0,0.081785855,0,0,0,0,0,0,0,0,0,0,0,0,0,0,0.203081786,0,0,0,0,0,0.503358356
13/05/2021,2,autumn ,6,hb,tree,1,S2T1P1,0.2016,0.0976,,0.0426,,,,,,,,,,,,,,,,,,,,,,0.0614,0.484126984,0,0.211309524,0,0,0,0,0,0,0,0,0,0,0,0,0,0,0,0,0,0,0,0,0,0.304563492
13/05/2021,2,autumn ,6,hb,tree,2,S2T2P1,0.2551,0.141,,0.0579,,,,,,,,,,,,,,,,0.0078,,,,,,0.0484,0.552724422,0,0.226969816,0,0,0,0,0,0,0,0,0,0,0,0,0,0,0,0.030576245,0,0,0,0,0,0.189729518
13/05/2021,2,autumn ,6,hb,tree,3,S2T3P1,0.2991,0.1495,0.0454,0.0366,,,,,,,,,,,,,,,,,,,,,,0.0676,0.499832832,0.151788699,0.122367101,0,0,0,0,0,0,0,0,0,0,0,0,0,0,0,0,0,0,0,0,0,0.226011367
13/05/2021,2,autumn ,6,hb,tree,4,S2T4P1,0.3514,0.1078,,0.054,,,,,,,,,,,,,,,,,,,,,,0.1896,0.306772908,0,0.15367103,0,0,0,0,0,0,0,0,0,0,0,0,0,0,0,0,0,0,0,0,0,0.539556061
13/05/2021,2,autumn ,6,hb,tree,5,S2T5P1,0.4548,0.238,,0.135,,,,,,,,,,,,,,,,,,,,,,0.0818,0.523306948,0,0.296833773,0,0,0,0,0,0,0,0,0,0,0,0,0,0,0,0,0,0,0,0,0,0.179859279
13/05/2021,2,autumn ,6,hb,open,1,S2T1P2,0.5416,0.0452,0.074,0.0192,,,,,,,,,,0.0284,,,,,,,0.0133,,,,,0.3615,0.083456425,0.136632201,0.035450517,0,0,0,0,0,0,0,0,0,0.052437223,0,0,0,0,0,0,0.024556869,0,0,0,0,0.667466765
13/05/2021,2,autumn ,6,hb,open,2,S2T2P2,0.1687,,0.0163,,0.0084,,,,,,,,,,,,,,,,,,,,,0.144,0,0.096621221,0,0.049792531,0,0,0,0,0,0,0,0,0,0,0,0,0,0,0,0,0,0,0,0,0.853586248
13/05/2021,2,autumn ,6,hb,open,3,S2T3P2,0.3717,0.0555,0.025,0.0147,0.0177,,,,,,,,,0.0199,,,,,,,0.0334,0.0123,,,,0.1932,0.149313963,0.067258542,0.039548023,0.047619048,0,0,0,0,0,0,0,0,0.053537799,0,0,0,0,0,0,0.089857412,0.033091203,0,0,0,0.519774011
13/05/2021,2,autumn ,6,hb,open,4,S2T4P2,0.3099,,,0.0141,0.0061,,,,,,,,,0.0067,,,,,,,0.0275,,,,,0.2555,0,0,0.045498548,0.019683769,0,0,0,0,0,0,0,0,0.021619877,0,0,0,0,0,0,0.088738303,0,0,0,0,0.824459503
13/05/2021,2,autumn ,6,hb,open,5,S2T5P2,0.4503,0.0047,0.0279,0.0213,0.0128,,,,,,,,,0.0145,,,,,,,,,,,,0.3691,0.010437486,0.061958694,0.047301799,0.028425494,0,0,0,0,0,0,0,0,0.032200755,0,0,0,0,0,0,0,0,0,0,0,0.819675772
08/09/2021,2,winter,7,wa,tree,1,S1T1P1,1.3109,0.995,0.0082,0.2517,,,,,0.0179,,,,,,,,0.0205,,,0.0069,,,,,,0.0107,0.75902052,0.006255244,0.192005492,0,0,0,0,0.013654741,0,0,0,0,0,0,0,0.015638111,0,0,0.005263559,0,0,0,0,0,0.008162331
08/09/2021,2,winter,7,wa,tree,2,S1T2P1,0.1688,0.0671,0.0215,0.0547,,,,,,,,,,,,,,,,,,,,,,0.0255,0.397511848,0.127369668,0.324052133,0,0,0,0,0,0,0,0,0,0,0,0,0,0,0,0,0,0,0,0,0,0.151066351
08/09/2021,2,winter,7,wa,tree,3,S1T3P1,0.2749,0.1175,,0.0827,,,,,0.0365,,,,,,,,,,,,,,,,0.0325,0.0057,0.427428156,0,0.300836668,0,0,0,0,0.132775555,0,0,0,0,0,0,0,0,0,0,0,0,0,0,0,0.118224809,0.020734813
08/09/2021,2,winter,7,wa,tree,4,S1T4P1,0.2162,0.0949,,0.0476,,,,,0.0583,,,,,,,,,,,,,,,,0.0154,,0.438945421,0,0.220166512,0,0,0,0,0.269657724,0,0,0,0,0,0,0,0,0,0,0,0,0,0,0,0.071230342,0
08/09/2021,2,winter,7,wa,open,1,S1T1P2,0.3283,0.0101,0.1077,,0.0423,,,,,,,,,,,,0.0037,0.0069,,0.1201,,,,,,0.0375,0.030764545,0.32805361,0,0.128845568,0,0,0,0,0,0,0,0,0,0,0,0.01127018,0.021017362,0,0.365823942,0,0,0,0,0,0.114224794
08/09/2021,2,winter,7,wa,open,2,S1T2P2,0.3459,0.012,0.1216,,0.1557,,,,,,,,,,,,0.0072,,,0.0352,,,,,,0.0142,0.034692108,0.35154669,0,0.450130095,0,0,0,0,0,0,0,0,0,0,0,0.020815265,0,0,0.101763515,0,0,0,0,0,0.041052327
08/09/2021,2,winter,7,wa,open,3,S1T3P2,0.1416,0.0107,0.0377,,0.06,,,,,,,,,,,,,0.003,,,,,,,0.0106,0.0196,0.075564972,0.266242938,0,0.423728814,0,0,0,0,0,0,0,0,0,0,0,0,0.021186441,0,0,0,0,0,0,0.074858757,0.138418079
08/09/2021,2,winter,7,wa,open,4,S1T4P2,0.2584,0.0063,0.0246,,0.0687,,,,,,,,,,,,,,,0.0313,,,,,0.0412,0.0863,0.024380805,0.095201238,0,0.265866873,0,0,0,0,0,0,0,0,0,0,0,0,0,0,0.121130031,0,0,0,0,0.159442724,0.333978328
08/09/2021,2,winter,7,hb,tree,1,S2T1P1,0.1909,0.1538,0.016,0.0189,,,,,,,,,,,,,,,,,,,,,,0.0022,0.805657412,0.083813515,0.099004715,0,0,0,0,0,0,0,0,0,0,0,0,0,0,0,0,0,0,0,0,0,0.011524358
08/09/2021,2,winter,7,hb,tree,2,S2T2P1,0.2237,0.1952,0.003,0.0204,,,,,,,,,,,,,,,,,,,,,0.0051,,0.872597228,0.013410818,0.091193563,0,0,0,0,0,0,0,0,0,0,0,0,0,0,0,0,0,0,0,0,0.022798391,0
08/09/2021,2,winter,7,hb,tree,3,S2T3P1,0.2961,0.0771,,,,,,,0.1025,,,0.0691,,,,,,,,,,,,,0.0347,0.0127,0.260385005,0,0,0,0,0,0,0.346166836,0,0,0.233367106,0,0,0,0,0,0,0,0,0,0,0,0,0.117190138,0.042890915
08/09/2021,2,winter,7,hb,tree,4,S2T4P1,0.2325,0.1162,,0.0058,,,,,0.1045,,,,,,,,,,,,,,,,0.006,,0.499784946,0,0.024946237,0,0,0,0,0.449462366,0,0,0,0,0,0,0,0,0,0,0,0,0,0,0,0.025806452,0
08/09/2021,2,winter,7,hb,tree,5,S2T5P1,0.2725,0.033,,0.2016,,,,,,,,,,,,,,,,,,,,,0.0342,0.0037,0.121100917,0,0.739816514,0,0,0,0,0,0,0,0,0,0,0,0,0,0,0,0,0,0,0,0,0.125504587,0.013577982
08/09/2021,2,winter,7,hb,open,1,S2T1P2,0.1977,0.0082,0.0649,0.017,0.0163,,,,,,,,,0.0097,,,,,,,,,,,0.0198,0.0618,0.041476985,0.328275164,0.085988872,0.082448154,0,0,0,0,0,0,0,0,0.049064239,0,0,0,0,0,0,0,0,0,0,0.100151745,0.312594841
08/09/2021,2,winter,7,hb,open,2,S2T2P2,0.3297,0.0047,0.0506,,0.227,,,,,,,,,,,,,,,,,,,,,0.0474,0.014255384,0.153472854,0,0.688504701,0,0,0,0,0,0,0,0,0,0,0,0,0,0,0,0,0,0,0,0,0.143767061
08/09/2021,2,winter,7,hb,open,3,S2T3P2,0.1404,0.0123,0.0645,0.014,0.0082,,,,,,,,,0.0047,,,,,,,,,,,,0.0367,0.087606838,0.459401709,0.0997151,0.058404558,0,0,0,0,0,0,0,0,0.033475783,0,0,0,0,0,0,0,0,0,0,0,0.261396011
08/09/2021,2,winter,7,hb,open,4,S2T4P2,0.2803,0.0922,0.0715,0.0706,0.0209,,,,,,,,,0.0206,,,,,,,,,,,,0.0045,0.328933286,0.255083839,0.251872993,0.074562968,0,0,0,0,0,0,0,0,0.073492686,0,0,0,0,0,0,0,0,0,0,0,0.016054228
08/09/2021,2,winter,7,hb,open,5,S2T5P2,0.2105,0.0107,0.0367,,0.0117,,,,,,,,,,,,,,,,,,,,0.0037,0.1477,0.050831354,0.174346793,0,0.055581948,0,0,0,0,0,0,0,0,0,0,0,0,0,0,0,0,0,0,0,0.017577197,0.701662708
13/12/2021,2,spring,8,wa,tree,1,S1T1P1,0.4141,0.1421,0.0476,0.1134,,,,,,,,,,,,,,,,,,,,,,0.111,0.343153828,0.11494808,0.273846897,0,0,0,0,0,0,0,0,0,0,0,0,0,0,0,0,0,0,0,0,0,0.268051195
13/12/2021,2,spring,8,wa,tree,2,S1T2P1,0.4946,0.0166,0.11,0.1884,0.0134,0.055,,,,,,,,,,,,,,,,,,,,0.1112,0.033562475,0.222401941,0.38091387,0.0270926,0.11120097,0,0,0,0,0,0,0,0,0,0,0,0,0,0,0,0,0,0,0,0.224828144
13/12/2021,2,spring,8,wa,tree,3,S1T3P1,1.0585,0.0764,,0.9486,,,,,,,,,,,,,,,,,,,,,,0.0335,0.07217761,0,0.896173831,0,0,0,0,0,0,0,0,0,0,0,0,0,0,0,0,0,0,0,0,0,0.031648559
13/12/2021,2,spring,8,wa,tree,4,S1T4P1,0.382,0.3254,,,,,,,0.048,,,,,,,,,,,,,,,,,0.0086,0.851832461,0,0,0,0,0,0,0.12565445,0,0,0,0,0,0,0,0,0,0,0,0,0,0,0,0,0.022513089
13/12/2021,2,spring,8,wa,open,1,S1T1P2,3.3514,,0.0127,,,,,0.0088,,,0.0181,,,,,,,,,3.3118,,,,,,,0,0.003789461,0,0,0,0,0.002625768,0,0,0.005400728,0,0,0,0,0,0,0,0,0.988184042,0,0,0,0,0,0
13/12/2021,2,spring,8,wa,open,2,S1T2P2,0.6788,0.1922,,,0.035,0.0266,0.2047,,,,,,,,,,,,,0.082,,,,,0.1047,0.0336,0.28314673,0,0,0.051561579,0.0391868,0.301561579,0,0,0,0,0,0,0,0,0,0,0,0,0.120801414,0,0,0,0,0.154242781,0.049499116
13/12/2021,2,spring,8,wa,open,3,S1T3P2,0.6518,,0.0113,,0.036,,0.1257,0.0155,0.0492,,0.0185,,,,,,0.0585,,,0.3004,,,,,0.0367,,0,0.017336606,0,0.055231666,0,0.192850568,0.023780301,0.075483277,0,0.02838294,0,0,0,0,0,0.089751458,0,0,0.46087757,0,0,0,0,0.056305615,0
13/12/2021,2,spring,8,wa,open,4,S1T4P2,0.5066,0.1612,,,0.0557,,0.0169,,,,,,,,,,,,,0.0662,,,,,0.0976,0.109,0.318199763,0,0,0.109948677,0,0.033359653,0,0,0,0,0,0,0,0,0,0,0,0,0.130675089,0,0,0,0,0.192656929,0.215159889
11/12/2021,2,spring,8,hb,tree,1,S2T1P1,0.2894,0.0854,0.0108,0.0935,,0.0202,,,,,,,,,0.0429,,,,,0.0318,0.0048,,,,,,0.295093296,0.03731859,0.323082239,0,0.069799585,0,0,0,0,0,0,0,0,0.148237733,0,0,0,0,0.109882516,0.01658604,0,0,0,0,0
11/12/2021,2,spring,8,hb,tree,2,S2T2P1,1.1683,0.7435,,0.2387,,0.1861,,,,,,,,,,,,,,,,,,,,,0.636394762,0,0.20431396,0,0.159291278,0,0,0,0,0,0,0,0,0,0,0,0,0,0,0,0,0,0,0,0
11/12/2021,2,spring,8,hb,tree,3,S2T3P1,0.9319,0.5108,,,,0.2516,,,0.151,,,,,,,,,,,,,,,,,0.0185,0.548127481,0,0,0,0.26998605,0,0,0.162034553,0,0,0,0,0,0,0,0,0,0,0,0,0,0,0,0,0.019851915
11/12/2021,2,spring,8,hb,tree,4,S2T4P1,0.9365,0.2052,0.039,,,0.3078,,,0.2855,,,,,,,,,,,,0.007,,,,0.092,,0.219113721,0.041644421,0,0,0.328670582,0,0,0.304858516,0,0,0,0,0,0,0,0,0,0,0,0.00747464,0,0,0,0.098238121,0
11/12/2021,2,spring,8,hb,tree,5,S2T5P1,1.0607,0.3681,,0.2304,,0.2248,,,0.2374,,,,,,,,,,,,,,,,,,0.347034977,0,0.217215047,0,0.211935514,0,0,0.223814462,0,0,0,0,0,0,0,0,0,0,0,0,0,0,0,0,0
11/12/2021,2,spring,8,hb,open,1,S2T1P2,1.5199,0.0885,0.0691,0.093,0.2077,0.1026,,,,,,0.195,,,,,,,,,,,,,0.764,,0.058227515,0.045463517,0.061188236,0.136653727,0.067504441,0,0,0,0,0,0.128297914,0,0,0,0,0,0,0,0,0,0,0,0,0.502664649,0
11/12/2021,2,spring,8,hb,open,2,S2T2P2,0.7448,0.0725,0.0337,,,0.1161,0.2597,0.0961,,,,0.1667,,,,,,,,,,,,,,,0.097341568,0.045247046,0,0,0.155880773,0.348684211,0.129027927,0,0,0,0.223818475,0,0,0,0,0,0,0,0,0,0,0,0,0,0
11/12/2021,2,spring,8,hb,open,3,S2T3P2,0.3556,0.0128,0.0316,,0.192,,,0.0595,,,,,,,,,,,,,,,,,0.0325,0.0272,0.035995501,0.088863892,0,0.539932508,0,0,0.167322835,0,0,0,0,0,0,0,0,0,0,0,0,0,0,0,0,0.091394826,0.076490439
11/12/2021,2,spring,8,hb,open,4,S2T4P2,0.3213,0.0658,0.0777,0.0419,,0.0713,0.0226,,,,,,,,,,,,,,0.0301,,,,,0.0119,0.204793028,0.241830065,0.130407719,0,0.221910987,0.070339247,0,0,0,0,0,0,0,0,0,0,0,0,0,0.093681917,0,0,0,0,0.037037037
11/12/2021,2,spring,8,hb,open,5,S2T5P2,0.8976,0.0128,0.3571,0.0194,0.0056,,0.0362,0.2505,,,,,,0.216,,,,,,,,,,,,,0.01426025,0.397838681,0.021613191,0.006238859,0,0.040329768,0.27907754,0,0,0,0,0,0.240641711,0,0,0,0,0,0,0,0,0,0,0,0
